method,tracks,iqm,iqm_lo,iqm_hi,mean,mean_lo,mean_hi
wm_dream_v1,100,295.1,269.2,321.2,301.1,271.4,331.7
wm_dream_v3,100,209.6,176.7,248.7,251.7,216.5,290.0
wm_real_v2,100,924.8,922.1,926.5,908.4,893.2,919.8
wm_real_v2_gas50,100,921.6,919.7,923.2,914.0,906.1,919.9
wm_real_v2_grip0.6,100,15.3,3.2,41.6,93.6,60.2,129.2
wm_real_v2_grip0.8,100,14.7,3.7,86.9,181.6,120.8,244.8
wm_real_v2_noise10,100,923.5,916.6,926.2,899.1,879.6,914.8
wm_real_v2_noise25,100,907.9,896.4,917.4,868.7,843.5,889.7
wm_real_v2_noise50,100,250.4,226.7,277.5,265.1,238.5,292.2
