wall_s,step,nll,r_mse,d_bce,val_nll,val_r_mse,val_d_bce,val_nll_extra,on_bce,val_on_acc,val_on_off_recall,val_on_acc_extra,val_on_off_recall_extra
332.42,400,0.9625949263572693,1.063490390777588,6.811072239543137e-07,0.9871309399604797,0.8490034937858582,1.3485551164649223e-07,0.9636990427970886,0.016457686200737953,0.99365234375,0.9944239258766174,0.9905737638473511,0.9869212508201599
638.01,800,1.019716501235962,0.8046060800552368,1.8477439311936905e-07,0.9799708127975464,0.767662763595581,1.418093802385556e-07,0.9642316102981567,0.016551107168197632,0.9946614503860474,0.9934374094009399,0.9874774813652039,0.9836090803146362
875.27,1200,1.046277403831482,1.182589054107666,1.591940730349961e-07,0.9868407845497131,0.8491958379745483,1.1740873162580101e-07,0.9698321223258972,0.02062011882662773,0.9934895634651184,0.992426872253418,0.9897173643112183,0.9851210117340088
1022.96,1600,1.1258577108383179,1.259729027748108,1.497566728403399e-07,1.0078157186508179,0.8285330533981323,1.879719349062725e-07,0.9858165383338928,0.03545326739549637,0.9946939945220947,0.9919620752334595,0.9892857074737549,0.9790711998939514
1170.92,2000,1.3864439725875854,1.3368983268737793,1.3932586284681747e-07,1.0445635318756104,0.8191644549369812,1.1827796697616577e-07,1.0463625192642212,0.2489585280418396,0.9902669191360474,0.9860566258430481,0.9775280952453613,0.9547763466835022
1316.72,2400,1.3097466230392456,1.4293314218521118,1.5298525113394135e-07,1.0736562013626099,0.9275870323181152,2.0012569734717545e-07,1.0769325494766235,0.2880612909793854,0.9903646111488342,0.9891064167022705,0.9737249612808228,0.9498510360717773
1463.79,2800,1.2643026113510132,1.8610998392105103,1.5621384363839752e-07,1.0778732299804688,0.8098025321960449,1.9132470185923012e-07,1.0810705423355103,0.23229512572288513,0.9899739623069763,0.9886679649353027,0.9699453711509705,0.9340863227844238
1629.48,3200,1.2791613340377808,1.1434334516525269,1.9719203692147858e-07,1.0707539319992065,0.7391024231910706,1.2155544482084224e-06,1.0758410692214966,0.255888432264328,0.9895833134651184,0.9861236810684204,0.9752907156944275,0.9448317885398865
1796.69,3600,1.2832146883010864,1.2851359844207764,1.748402951307071e-07,1.068139672279358,0.8529968857765198,1.488253502657244e-07,1.076474905014038,0.19272758066654205,0.9902994632720947,0.9852930903434753,0.9709047675132751,0.9278200268745422
1958.44,4000,1.2873427867889404,1.5474241971969604,1.7161170262625092e-07,1.0678691864013672,0.8767977952957153,1.6844521155690018e-07,1.0790443420410156,0.25181978940963745,0.9891927242279053,0.984255313873291,0.9695996046066284,0.924003005027771
