wall_s,step,nll,r_mse,d_bce,val_nll,val_r_mse,val_d_bce,val_nll_extra,on_bce,val_on_acc,val_on_off_recall,val_on_acc_extra,val_on_off_recall_extra,probe_bce,val_probe_acc,val_probe_off_recall,free_on_acc,free_probe_acc,free_probe_off_recall
149.19,400,1.0371477603912354,0.8846882581710815,6.614718586206436e-07,1.054969072341919,0.7855607271194458,2.4121254682540894e-07,1.0367763042449951,0.03589816763997078,0.9937744140625,0.9916396141052246,0.9859104156494141,0.9741464853286743,0.06610241532325745,0.98876953125,0.9860244393348694,0.875,0.8528571724891663,0.8924528360366821
292.4,800,1.0343949794769287,1.1749398708343506,2.7799978852272034e-07,1.0533537864685059,0.8254820108413696,2.1973391994833946e-07,1.0269794464111328,0.025042103603482246,0.98992919921875,0.9903604984283447,0.9871115684509277,0.97658771276474,0.04044325277209282,0.98284912109375,0.9819093942642212,0.7768750190734863,0.7699999809265137,0.8253119587898254
431.02,1200,1.0279438495635986,1.0663834810256958,4.866160452365875e-07,1.0390870571136475,0.8655232191085815,3.050663508474827e-07,1.029111385345459,0.027695780619978905,0.9918212890625,0.9897889494895935,0.9850398898124695,0.976177453994751,0.0460609532892704,0.98980712890625,0.990742027759552,0.903333306312561,0.8993333578109741,0.920182466506958
574.79,1600,1.0294947624206543,1.1338363885879517,3.3061951398849487e-07,1.037524938583374,0.8604309558868408,2.560555003583431e-07,1.0387409925460815,0.023928632959723473,0.9931640625,0.9896658062934875,0.986360490322113,0.9774539470672607,0.03902934119105339,0.990478515625,0.9859079122543335,0.8426666855812073,0.8526666760444641,0.9046898484230042
718.54,2000,1.0200872421264648,0.8754675388336182,9.78587195277214e-07,1.040969729423523,0.7512006759643555,3.084423951804638e-07,1.0218782424926758,0.020366743206977844,0.99188232421875,0.9894133806228638,0.9862938523292542,0.9776589274406433,0.03232186660170555,0.9896240234375,0.9909079670906067,0.8571428656578064,0.8571428656578064,0.8154506683349609
864.17,2400,1.0133635997772217,1.1544735431671143,5.851034075021744e-07,1.0224664211273193,0.8007451891899109,2.5797635316848755e-07,1.013335943222046,0.024610701948404312,0.99169921875,0.9890229105949402,0.980171799659729,0.9730928540229797,0.04202740639448166,0.9892578125,0.9891584515571594,0.8707143068313599,0.8628571629524231,0.9422042965888977
1026.49,2800,1.0289223194122314,1.006526231765747,3.781169652938843e-07,1.021129846572876,0.8003020882606506,3.318418748676777e-07,1.0168116092681885,0.023273004218935966,0.9945068359375,0.9948212504386902,0.984294056892395,0.963596761226654,0.035445407032966614,0.99176025390625,0.9907793402671814,0.9125000238418579,0.9162499904632568,0.8988919854164124
1166.93,3200,1.0128092765808105,1.1787025928497314,6.142072379589081e-07,1.0240408182144165,0.8379652500152588,2.9365764930844307e-07,1.007933259010315,0.023309631273150444,0.99334716796875,0.9927959442138672,0.9841188788414001,0.9700352549552917,0.03603634983301163,0.99261474609375,0.9899391531944275,0.9235714077949524,0.9314285516738892,0.930708646774292
1306.47,3600,1.0089709758758545,1.0920981168746948,3.203749656677246e-07,1.0191564559936523,0.7750225067138672,2.4941982701420784e-07,1.0054086446762085,0.026590967550873756,0.990478515625,0.9881038069725037,0.9817708134651184,0.9669345021247864,0.03930265083909035,0.9898681640625,0.988944947719574,0.8206666707992554,0.8186666369438171,0.8421787619590759
1448.81,4000,1.003458023071289,1.082390546798706,3.1688250601291656e-07,1.0250177383422852,0.7878892421722412,2.7351779863238335e-07,1.0069646835327148,0.02341441623866558,0.99346923828125,0.9924172163009644,0.9861505627632141,0.973167896270752,0.04381223022937775,0.9921875,0.9912198781967163,0.8864285945892334,0.8764285445213318,0.9118086695671082
